{
    "inclusionPath": "sites",
    "sitename": "EOCSite",
     "lists": [
      {
        "listName": "IncidentTransaction",
        "columns": [
          {
            "name": "Description",
            "type": "text"
          },
          { 
              "name": "IncidentName",
              "type": "text"
          },    
          {
            "name": "IncidentType",
            "type": "text"
          },
          {
            "name": "IncidentStatus",
            "type": "text"
          },
          {
            "name": "StartDateTime",
            "type": "dateTime"
          },
          {
            "name": "IncidentCommander",
            "type": "text"
          },
          {
            "name": "EOCCommander",
            "type": "text"
          },
          {
            "name": "WatchOfficer",
            "type": "text"
          },
          {
            "name": "PublicInformationOfficer",
            "type": "text"
          },
          {
            "name": "LogisticsCoordinator",
            "type": "text"
          },
          {
            "name": "TeamId",
            "type": "text"
          },
          {
              "name": "Location",
              "type": "text"
            },
          {
            "name": "IsActive",
            "type": "boolean"
          }
        ]
      },
      {
        "listName": "Incident Type",
        "columns": [
          {
            "name": "Description",
            "type": "text"          
          },
          {
            "name": "IsActive",
            "type": "boolean"
          }
        ]
      },
      {
        "listName": "Incident Status",
        "columns": [
          {
            "name": "Description",
            "type": "text"          
          },
          {
            "name": "IsActive",
            "type": "boolean"
          }
        ]
      }
    ],
    "IncidentTypeMasterData": [
        {
          "Title": "Biological​",
          "Description": "Biological​"
        },
        {
          "Title": "Chemical​",
          "Description": "Chemical​"
        },
        {
          "Title": "Coastal Storm​", 
          "Description": "Coastal Storm​"
        },
        {
          "Title": "Dam/Levee Break",
          "Description": "Dam/Levee Break"
        },
        {
          "Title": "Drought​",
          "Description": "Drought​"
        },
        {
          "Title": "Earthquake​", 
          "Description": "Earthquake​"
        },
        {
          "Title": "Explosion​",
          "Description": "Explosion​"
        },
        {
          "Title": "Fire​",
          "Description": "Fire​"
        },
        {
          "Title": "Fishing Losses​", 
          "Description": "Fishing Losses​"
        },
        {
          "Title": "Flood​",
          "Description": "Flood​"
        },
        {
          "Title": "Freezing​",
          "Description": "Freezing​"
        },
        {
          "Title": "Human Cause​", 
          "Description": "Human Cause​​"
        },
        {
          "Title": "Hurricane​",
          "Description": "Hurricane​"
        },
        {
          "Title": "Mud/Landslide​",
          "Description": "Mud/Landslide​"
        },
        {
          "Title": "Other​",
          "Description": "Other​"
        },
        {
          "Title": "Severe Ice Storm​",
          "Description": "Severe Ice Storm​"
        },
        {
          "Title": "Severe Storm(s)",
          "Description": "Severe Storm(s)"
        },
        {
          "Title": "Snow​",
          "Description": "Snow​"
        },
        {
          "Title": "Terrorist​",
          "Description": "Terrorist​"
        },
        {
          "Title": "Tornado​",
          "Description": "Tornado​"
        },
        {
          "Title": "Toxic Substances​",
          "Description": "Toxic Substances​"
        },
        {
          "Title": "Tsunami​",
          "Description": "Tsunami​"
        },
        {
          "Title": "Typhoon​",
          "Description": "Typhoon​"
        },
        {
          "Title": "Volcano​",
          "Description": "Volcano​"
        }
      ],
      "IncidentStatusMasterData": [
          {
            "Title": "Planning",
            "Description": "Planning"
          },
          {
            "Title": "Active",
            "Description": "Active"
          },
          {
            "Title": "Closed", 
            "Description": "Closed"
          },
          {
            "Title": "Testing",
            "Description": "Testing"
          }
        ]
  }