{
  "$schema": "https://developer.microsoft.com/json-schemas/spfx/client-side-web-part-manifest.schema.json",
  "id": "3b6a58b4-004c-4fa2-8c1e-90b23d8bb797",
  "alias": "EocWebPart",
  "componentType": "WebPart",
  "version": "*",
  "manifestVersion": 2,
  "requiresCustomScript": false,
  "supportedHosts": ["SharePointWebPart","TeamsTab","SharePointFullPage"],
  "preconfiguredEntries": [{
    "groupId": "5c03119e-3074-46fd-976b-c60198311f70",
    "group": { "default": "Other" },
    "title": { "default": "Team Eoc" },
    "description": { "default": "Team Eoc" },
    "officeFabricIconFontName": "Page",
    "properties": {
      "description": "Team Eoc"
    }
  }]
}
